GEONAME,LNTITLE,GEOID,LNNUMBER,TOT_EST,TOT_MOE,ADU_EST,ADU_MOE,CIT_EST,CIT_MOE,CVAP_EST,CVAP_MOE
Alabama,Total,04000US01,1,4841165,,3735975,447,4734500,2609,3639495,2232
Alabama,Not Hispanic or Latino,04000US01,2,4647660,399,3617085,475,4602635,1939,3577115,1708
Alabama,American Indian or Alaska Native Alone,04000US01,3,21960,1106,17545,846,21910,1096,17500,834
Alabama,Asian Alone,04000US01,4,61675,1263,47015,857,38605,1262,26850,983
Alabama,Black or African American Alone,04000US01,5,1278750,2233,951850,1133,1271600,2379,945515,1311
Alabama,Native Hawaiian or Other Pacific Islander Alone,04000US01,6,1370,212,1065,163,1215,209,955,162
Alabama,White Alone,04000US01,7,3208555,27,2558825,27,3195130,1063,2546550,953
Alabama,American Indian or Alaska Native and White,04000US01,8,27030,1173,21155,887,27015,1175,21140,890
Alabama,Asian and White,04000US01,9,11175,1032,6240,714,10390,918,5570,637
Alabama,Black or African American and White,04000US01,10,26000,1831,6515,717,25925,1826,6445,712
Alabama,American Indian or Alaska Native and Black or African American,04000US01,11,3615,651,2635,447,3570,627,2590,423
Alabama,Remainder of Two or More Race Responses,04000US01,12,7525,971,4235,576,7270,941,4005,545
Alabama,Hispanic or Latino,04000US01,13,193505,399,118890,356,131865,1971,62380,1701
Alaska,Total,04000US02,1,736855,,549240,152,712745,1398,527810,1176
Alaska,Not Hispanic or Latino,04000US02,2,687825,,517455,146,667485,1299,499530,1005
Alaska,American Indian or Alaska Native Alone,04000US02,3,100715,1421,68595,910,100690,1420,68570,910
Alaska,Asian Alone,04000US02,4,43665,1072,33190,601,30750,1205,21985,815
Alaska,Black or African American Alone,04000US02,5,23235,743,17565,403,21855,742,16520,452
Alaska,Native Hawaiian or Other Pacific Islander Alone,04000US02,6,8700,225,5470,163,7835,293,4640,279
Alaska,White Alone,04000US02,7,457540,10,363045,22,452800,548,358490,522
Alaska,American Indian or Alaska Native and White,04000US02,8,30675,1360,18700,873,30610,1353,18650,863
Alaska,Asian and White,04000US02,9,7035,683,3565,437,6925,667,3535,441
Alaska,Black or African American and White,04000US02,10,5955,690,2425,413,5925,695,2395,419
Alaska,American Indian or Alaska Native and Black or African American,04000US02,11,1880,437,965,239,1880,437,965,239
Alaska,Remainder of Two or More Race Responses,04000US02,12,8425,873,3935,504,8215,853,3780,471
Alaska,Hispanic or Latino,04000US02,13,49030,,31785,89,45260,522,28280,484
Arizona,Total,04000US04,1,6728575,,5108960,161,6192375,6153,4613575,5604
Arizona,Not Hispanic or Latino,04000US04,2,4673730,,3760380,159,4520490,3730,3622070,3354
Arizona,American Indian or Alaska Native Alone,04000US04,3,266975,1552,185965,1284,266305,1602,185380,1314
Arizona,Asian Alone,04000US04,4,201645,2087,159950,1278,140370,2286,105175,1751
Arizona,Black or African American Alone,04000US04,5,271745,2292,200915,1226,257705,2720,190075,1500
Arizona,Native Hawaiian or Other Pacific Islander Alone,04000US04,6,11935,631,9290,352,10495,608,7985,374
Arizona,White Alone,04000US04,7,3786195,28,3131220,28,3713075,2418,3062785,2275
Arizona,American Indian or Alaska Native and White,04000US04,8,33280,1474,23860,1185,33190,1467,23765,1179
Arizona,Asian and White,04000US04,9,36290,1880,18645,1132,34830,1828,17360,1100
Arizona,Black or African American and White,04000US04,10,37365,2096,13705,1042,37130,2103,13525,1045
Arizona,American Indian or Alaska Native and Black or African American,04000US04,11,5990,822,3645,519,5990,822,3645,519
Arizona,Remainder of Two or More Race Responses,04000US04,12,22310,1661,13190,1090,21405,1630,12375,1035
Arizona,Hispanic or Latino,04000US04,13,2054850,,1348580,,1671885,5362,991505,4900
Arkansas,Total,04000US05,1,2968470,,2261240,506,2874015,2232,2175340,1983
Arkansas,Not Hispanic or Latino,04000US05,2,2761425,192,2135745,450,2731485,1658,2109130,1449
Arkansas,American Indian or Alaska Native Alone,04000US05,3,16320,894,12815,719,16295,888,12790,716
Arkansas,Asian Alone,04000US05,4,42000,719,31985,499,27410,889,18940,659
Arkansas,Black or African American Alone,04000US05,5,458870,1525,330180,712,456850,1483,328360,785
Arkansas,Native Hawaiian or Other Pacific Islander Alone,04000US05,6,6880,397,3945,276,3260,485,1155,327
Arkansas,White Alone,04000US05,7,2180390,148,1725465,142,2171520,1107,1717230,959
Arkansas,American Indian or Alaska Native and White,04000US05,8,26740,1038,20395,817,26665,1026,20345,809
Arkansas,Asian and White,04000US05,9,6650,689,2970,398,6205,607,2565,352
Arkansas,Black or African American and White,04000US05,10,17180,1366,4140,579,17165,1366,4120,583
Arkansas,American Indian or Alaska Native and Black or African American,04000US05,11,1700,447,1155,252,1700,447,1155,252
Arkansas,Remainder of Two or More Race Responses,04000US05,12,4690,549,2690,395,4410,531,2475,371
Arkansas,Hispanic or Latino,04000US05,13,207050,192,125490,236,142530,1738,66210,1493
California,Total,04000US06,1,38654205,,29513925,398,33355850,28956,24582605,27173
California,Not Hispanic or Latino,04000US06,2,23750225,,19347420,394,21933605,14148,17691130,12823
California,American Indian or Alaska Native Alone,04000US06,3,138550,2617,109680,1940,137300,2578,108530,1932
California,Asian Alone,04000US06,4,5325750,7997,4325170,4844,4132055,11152,3232945,9216
California,Black or African American Alone,04000US06,5,2179645,5406,1700180,3316,2117545,6040,1644650,3757
California,Native Hawaiian or Other Pacific Islander Alone,04000US06,6,141690,1714,110170,1228,124680,2219,94510,1672
California,White Alone,04000US06,7,14906730,7,12484445,3,14398405,6703,12021750,6119
California,American Indian or Alaska Native and White,04000US06,8,169385,2588,131435,1871,168820,2595,130895,1874
California,Asian and White,04000US06,9,439390,7263,228315,4147,417620,6851,210580,3753
California,Black or African American and White,04000US06,10,193735,4614,94740,2701,191030,4593,92370,2722
California,American Indian or Alaska Native and Black or African American,04000US06,11,35075,2044,27690,1460,34840,2046,27490,1485
California,Remainder of Two or More Race Responses,04000US06,12,220275,4547,135595,3049,211310,4401,127405,2944
California,Hispanic or Latino,04000US06,13,14903980,,10166505,44,11422245,20233,6891470,19334
Colorado,Total,04000US08,1,5359295,,4113115,385,5041535,6140,3824440,5273
Colorado,Not Hispanic or Latino,04000US08,2,4227005,504,3367835,647,4114325,3298,3267775,2719
Colorado,American Indian or Alaska Native Alone,04000US08,3,28930,1130,22545,891,28845,1128,22485,888
Colorado,Asian Alone,04000US08,4,156115,1521,121905,1218,110390,2255,81720,1641
Colorado,Black or African American Alone,04000US08,5,209565,1921,156285,1165,193745,2211,143075,1527
Colorado,Native Hawaiian or Other Pacific Islander Alone,04000US08,6,6555,464,5240,377,5580,448,4390,378
Colorado,White Alone,04000US08,7,3705555,521,2993455,516,3657855,1999,2949805,1892
Colorado,American Indian or Alaska Native and White,04000US08,8,30410,1239,23205,961,30400,1242,23195,963
Colorado,Asian and White,04000US08,9,37365,1525,19085,1170,35615,1410,17550,1015
Colorado,Black or African American and White,04000US08,10,31035,1632,13395,937,30795,1639,13180,944
Colorado,American Indian or Alaska Native and Black or African American,04000US08,11,3595,751,2605,482,3595,751,2605,482
Colorado,Remainder of Two or More Race Responses,04000US08,12,17880,1222,10110,808,17510,1214,9770,793
Colorado,Hispanic or Latino,04000US08,13,1132290,504,745280,509,927210,4493,556665,3939
Connecticut,Total,04000US09,1,3588570,,2814920,181,3333940,5054,2582885,4438
Connecticut,Not Hispanic or Latino,04000US09,2,3050840,,2448975,177,2889230,4114,2302780,3508
Connecticut,American Indian or Alaska Native Alone,04000US09,3,5040,513,3930,346,4880,504,3800,334
Connecticut,Asian Alone,04000US09,4,154160,1251,118985,669,97380,1885,68625,1475
Connecticut,Black or African American Alone,04000US09,5,351360,1757,264670,1151,317455,2634,234740,2001
Connecticut,Native Hawaiian or Other Pacific Islander Alone,04000US09,6,890,136,705,129,750,141,575,126
Connecticut,White Alone,04000US09,7,2473265,28,2025990,28,2404860,2938,1962115,2607
Connecticut,American Indian or Alaska Native and White,04000US09,8,10655,513,7860,397,10635,514,7840,396
Connecticut,Asian and White,04000US09,9,17975,1196,7315,595,16725,1109,6360,521
Connecticut,Black or African American and White,04000US09,10,24165,1424,10425,763,23820,1399,10165,746
Connecticut,American Indian or Alaska Native and Black or African American,04000US09,11,4810,814,3590,505,4785,814,3565,506
Connecticut,Remainder of Two or More Race Responses,04000US09,12,8525,850,5500,663,7940,810,4995,647
Connecticut,Hispanic or Latino,04000US09,13,537730,,365940,,444715,2786,280100,2632
Delaware,Total,04000US10,1,934695,,730505,78,890715,1902,689655,1697
Delaware,Not Hispanic or Latino,04000US10,2,852035,,677895,78,826955,1474,654675,1278
Delaware,American Indian or Alaska Native Alone,04000US10,3,2945,294,2340,226,2930,293,2340,226
Delaware,Asian Alone,04000US10,4,34535,659,27080,344,21440,999,15025,748
Delaware,Black or African American Alone,04000US10,5,198445,1137,147915,638,191990,1474,142015,1091
Delaware,Native Hawaiian or Other Pacific Islander Alone,04000US10,6,205,88,175,81,195,82,165,78
Delaware,White Alone,04000US10,7,595050,27,491130,27,589905,620,486215,610
Delaware,American Indian or Alaska Native and White,04000US10,8,2280,305,1860,230,2270,304,1850,228
Delaware,Asian and White,04000US10,9,3590,588,1820,305,3320,545,1565,275
Delaware,Black or African American and White,04000US10,10,10460,998,2665,400,10440,999,2645,400
Delaware,American Indian or Alaska Native and Black or African American,04000US10,11,1465,409,1245,349,1465,409,1245,349
Delaware,Remainder of Two or More Race Responses,04000US10,12,3055,635,1665,419,3000,626,1610,412
Delaware,Hispanic or Latino,04000US10,13,82660,,52610,,63760,1225,34980,1150
District of Columbia,Total,04000US11,1,659010,,544325,95,605025,2050,494090,1845
District of Columbia,Not Hispanic or Latino,04000US11,2,589905,,492770,93,558925,1572,463930,1391
District of Columbia,American Indian or Alaska Native Alone,04000US11,3,1245,201,1210,190,1220,198,1190,187
District of Columbia,Asian Alone,04000US11,4,24190,481,22170,404,16975,600,15165,567
District of Columbia,Black or African American Alone,04000US11,5,313680,665,246410,439,304365,1164,237930,977
District of Columbia,Native Hawaiian or Other Pacific Islander Alone,04000US11,6,240,97,240,97,240,97,240,97
District of Columbia,White Alone,04000US11,7,236900,28,213645,28,223120,1055,200815,917
District of Columbia,American Indian or Alaska Native and White,04000US11,8,865,201,690,160,860,199,685,159
District of Columbia,Asian and White,04000US11,9,5165,411,3335,339,4835,412,3070,355
District of Columbia,Black or African American and White,04000US11,10,3890,466,2235,315,3855,461,2200,306
District of Columbia,American Indian or Alaska Native and Black or African American,04000US11,11,1120,256,935,191,1120,256,935,191
District of Columbia,Remainder of Two or More Race Responses,04000US11,12,2610,457,1900,317,2340,406,1710,295
District of Columbia,Hispanic or Latino,04000US11,13,69105,,51555,,46100,1316,30155,1186
Florida,Total,04000US12,1,19934450,,15868175,555,18101505,16377,14195895,14919
Florida,Not Hispanic or Latino,04000US12,2,15127595,227,12264745,492,14416020,8492,11616430,7764
Florida,American Indian or Alaska Native Alone,04000US12,3,41165,1644,33090,1321,40525,1606,32480,1274
Florida,Asian Alone,04000US12,4,522575,2702,420645,2035,381575,3522,292825,3067
Florida,Black or African American Alone,04000US12,5,3101745,5847,2275690,3060,2835795,7354,2037745,5194
Florida,Native Hawaiian or Other Pacific Islander Alone,04000US12,6,11225,774,9240,638,9830,727,7865,614
Florida,White Alone,04000US12,7,11123515,31,9350635,31,10833115,5614,9080840,4949
Florida,American Indian or Alaska Native and White,04000US12,8,59925,1717,48610,1405,59590,1731,48275,1417
Florida,Asian and White,04000US12,9,76845,2688,40755,1665,72810,2614,37265,1588
Florida,Black or African American and White,04000US12,10,122430,4293,41600,1895,120110,4212,39650,1867
Florida,American Indian or Alaska Native and Black or African American,04000US12,11,10720,1468,7895,922,10545,1454,7750,908
Florida,Remainder of Two or More Race Responses,04000US12,12,57450,3368,36590,2046,52125,3064,31740,1811
Florida,Hispanic or Latino,04000US12,13,4806855,228,3603430,299,3685485,12562,2579470,11578
Georgia,Total,04000US13,1,10099320,,7604145,870,9507595,7590,7063805,7203
Georgia,Not Hispanic or Latino,04000US13,2,9172330,432,7021525,806,8894655,5604,6772965,5308
Georgia,American Indian or Alaska Native Alone,04000US13,3,18700,943,14965,766,18055,877,14360,703
Georgia,Asian Alone,04000US13,4,376480,2045,288570,1252,248975,3248,175050,2613
Georgia,Black or African American Alone,04000US13,5,3117805,3731,2277795,2450,3045935,5040,2212975,3931
Georgia,Native Hawaiian or Other Pacific Islander Alone,04000US13,6,4510,538,3295,438,4040,579,2885,472
Georgia,White Alone,04000US13,7,5483095,6,4350465,74,5411000,2765,4285130,2513
Georgia,American Indian or Alaska Native and White,04000US13,8,27895,928,22010,814,27745,941,21855,821
Georgia,Asian and White,04000US13,9,34890,2017,16815,1105,32500,1874,15180,1042
Georgia,Black or African American and White,04000US13,10,71660,2921,23665,1547,70510,2917,22725,1528
Georgia,American Indian or Alaska Native and Black or African American,04000US13,11,9325,954,7530,813,9255,972,7460,831
Georgia,Remainder of Two or More Race Responses,04000US13,12,27965,2097,16420,1110,26640,1984,15345,1053
Georgia,Hispanic or Latino,04000US13,13,926990,432,582620,602,612940,4939,290840,4577
Hawaii,Total,04000US15,1,1413675,,1105455,42,1303950,3176,1006725,2545
Hawaii,Not Hispanic or Latino,04000US15,2,1271845,,1017380,39,1168060,3036,924275,2426
Hawaii,American Indian or Alaska Native Alone,04000US15,3,1940,287,1715,244,1930,287,1705,246
Hawaii,Asian Alone,04000US15,4,525575,3913,449705,2573,453075,3634,383955,2701
Hawaii,Black or African American Alone,04000US15,5,24015,717,19305,471,23500,719,18855,485
Hawaii,Native Hawaiian or Other Pacific Islander Alone,04000US15,6,131725,1856,95890,1505,112305,1927,79410,1625
Hawaii,White Alone,04000US15,7,317245,5,274665,26,308055,781,266005,709
Hawaii,American Indian or Alaska Native and White,04000US15,8,7380,287,6140,245,7340,290,6100,248
Hawaii,Asian and White,04000US15,9,63355,2429,38400,1487,62810,2415,37975,1469
Hawaii,Black or African American and White,04000US15,10,4470,546,2440,306,4400,543,2365,307
Hawaii,American Indian or Alaska Native and Black or African American,04000US15,11,1190,285,955,236,1190,285,955,236
Hawaii,Remainder of Two or More Race Responses,04000US15,12,194950,4542,128165,2937,193455,4461,126945,2894
Hawaii,Hispanic or Latino,04000US15,13,141825,,88080,,135890,832,82455,744
Idaho,Total,04000US16,1,1635485,,1204165,326,1574195,2082,1148895,1862
Idaho,Not Hispanic or Latino,04000US16,2,1439895,102,1085480,309,1419600,1633,1067980,1345
Idaho,American Indian or Alaska Native Alone,04000US16,3,17670,874,13185,568,17640,872,13155,565
Idaho,Asian Alone,04000US16,4,20795,942,16410,626,13775,842,10485,587
Idaho,Black or African American Alone,04000US16,5,9855,655,6485,317,8165,862,5355,489
Idaho,Native Hawaiian or Other Pacific Islander Alone,04000US16,6,1930,300,1425,232,1585,276,1090,212
Idaho,White Alone,04000US16,7,1357195,123,1030510,88,1346630,1112,1021010,984
Idaho,American Indian or Alaska Native and White,04000US16,8,12425,800,8540,473,12425,800,8540,473
Idaho,Asian and White,04000US16,9,10000,875,4395,585,9630,790,4025,481
Idaho,Black or African American and White,04000US16,10,5080,609,1900,308,5070,610,1900,307
Idaho,American Indian or Alaska Native and Black or African American,04000US16,11,340,185,155,67,340,185,155,67
Idaho,Remainder of Two or More Race Responses,04000US16,12,4595,583,2470,375,4335,569,2270,361
Idaho,Hispanic or Latino,04000US16,13,195590,101,118680,93,154595,1508,80915,1408
Illinois,Total,04000US17,1,12851685,,9861055,539,11928170,8851,9003480,8328
Illinois,Not Hispanic or Latino,04000US17,2,10715210,295,8448395,541,10314095,5775,8084465,5466
Illinois,American Indian or Alaska Native Alone,04000US17,3,14705,776,12135,603,14440,750,11915,592
Illinois,Asian Alone,04000US17,4,658590,2326,520700,1553,462185,3910,343500,3421
Illinois,Black or African American Alone,04000US17,5,1817880,3763,1353665,2249,1786090,4181,1326490,2692
Illinois,Native Hawaiian or Other Pacific Islander Alone,04000US17,6,3120,341,2470,271,2935,351,2290,293
Illinois,White Alone,04000US17,7,8011025,1331,6454845,1243,7844445,4202,6300800,3797
Illinois,American Indian or Alaska Native and White,04000US17,8,33450,960,25230,692,33355,962,25155,687
Illinois,Asian and White,04000US17,9,63375,2173,28765,1329,58960,2012,24910,1150
Illinois,Black or African American and White,04000US17,10,79820,3047,28685,1449,79525,3043,28440,1433
Illinois,American Indian or Alaska Native and Black or African American,04000US17,11,9530,1243,7275,864,9470,1243,7210,860
Illinois,Remainder of Two or More Race Responses,04000US17,12,23710,1704,14620,1150,22695,1675,13755,1110
Illinois,Hispanic or Latino,04000US17,13,2136475,294,1412660,334,1614070,6009,919015,5582
Indiana,Total,04000US18,1,6589580,,5007585,674,6385815,3401,4824555,3028
Indiana,Not Hispanic or Latino,04000US18,2,6160055,163,4743440,632,6059225,2880,4654645,2463
Indiana,American Indian or Alaska Native Alone,04000US18,3,12825,823,10380,604,12790,823,10345,602
Indiana,Asian Alone,04000US18,4,131135,1685,100600,946,71460,1811,47860,1310
Indiana,Black or African American Alone,04000US18,5,602810,2814,430495,1530,590140,3155,419590,1910
Indiana,Native Hawaiian or Other Pacific Islander Alone,04000US18,6,2030,263,1375,210,1835,250,1180,204
Indiana,White Alone,04000US18,7,5292400,27,4145605,27,5265865,1714,4122015,1405
Indiana,American Indian or Alaska Native and White,04000US18,8,25300,1083,19570,773,25275,1078,19540,768
Indiana,Asian and White,04000US18,9,20575,1476,8875,766,19530,1395,8120,723
Indiana,Black or African American and White,04000US18,10,60565,2471,18425,1223,60230,2494,18165,1222
Indiana,American Indian or Alaska Native and Black or African American,04000US18,11,3145,596,2395,468,3145,596,2395,468
Indiana,Remainder of Two or More Race Responses,04000US18,12,9270,1080,5725,668,8950,1081,5430,663
Indiana,Hispanic or Latino,04000US18,13,429520,164,264145,227,326585,2476,169905,2235
Iowa,Total,04000US19,1,3106590,,2379075,588,3012100,2463,2295040,2194
Iowa,Not Hispanic or Latino,04000US19,2,2933880,72,2276280,575,2880100,1916,2229440,1675
Iowa,American Indian or Alaska Native Alone,04000US19,3,8320,604,6505,470,8305,606,6490,472
Iowa,Asian Alone,04000US19,4,66560,1191,50590,881,36635,1189,24475,979
Iowa,Black or African American Alone,04000US19,5,101215,1502,68030,781,92015,1712,60540,938
Iowa,Native Hawaiian or Other Pacific Islander Alone,04000US19,6,2275,219,1565,194,1635,250,1065,209
Iowa,White Alone,04000US19,7,2704170,65,2127235,25,2691140,1040,2115460,967
Iowa,American Indian or Alaska Native and White,04000US19,8,10960,625,7800,518,10930,620,7770,513
Iowa,Asian and White,04000US19,9,11265,1008,4825,671,10575,899,4140,538
Iowa,Black or African American and White,04000US19,10,24390,1446,7005,577,24280,1450,6895,577
Iowa,American Indian or Alaska Native and Black or African American,04000US19,11,1130,274,755,203,1130,274,755,203
Iowa,Remainder of Two or More Race Responses,04000US19,12,3590,437,1965,288,3450,429,1860,278
Iowa,Hispanic or Latino,04000US19,13,172705,73,102795,221,131995,1516,65600,1317
Kansas,Total,04000US20,1,2898290,,2176945,482,2771390,2578,2061775,2292
Kansas,Not Hispanic or Latino,04000US20,2,2570555,69,1978345,483,2522380,1670,1935620,1443
Kansas,American Indian or Alaska Native Alone,04000US20,3,20030,842,15265,614,20015,844,15245,614
Kansas,Asian Alone,04000US20,4,77670,980,59865,701,49015,1466,34120,1239
Kansas,Black or African American Alone,04000US20,5,163745,1650,119785,979,157700,1839,114695,1194
Kansas,Native Hawaiian or Other Pacific Islander Alone,04000US20,6,1670,207,1230,217,1450,263,1090,232
Kansas,White Alone,04000US20,7,2228905,65,1743020,43,2216720,1175,1732205,1008
Kansas,American Indian or Alaska Native and White,04000US20,8,25555,791,18015,627,25530,793,17990,627
Kansas,Asian and White,04000US20,9,12570,1022,5680,581,11770,898,5015,486
Kansas,Black or African American and White,04000US20,10,29265,1624,9275,787,29235,1629,9240,795
Kansas,American Indian or Alaska Native and Black or African American,04000US20,11,2875,592,2000,368,2875,592,2000,368
Kansas,Remainder of Two or More Race Responses,04000US20,12,8270,855,4205,542,8075,857,4015,542
Kansas,Hispanic or Latino,04000US20,13,327740,71,198600,150,249010,1903,126155,1747
Kentucky,Total,04000US21,1,4411990,,3397800,670,4314920,2473,3313800,2132
Kentucky,Not Hispanic or Latino,04000US21,2,4265045,645,3307530,812,4211275,2016,3262890,1716
Kentucky,American Indian or Alaska Native Alone,04000US21,3,7765,592,6275,505,7555,593,6165,501
Kentucky,Asian Alone,04000US21,4,57130,1121,42560,719,33490,1426,22515,936
Kentucky,Black or African American Alone,04000US21,5,347460,2153,257690,1176,337910,2507,251275,1373
Kentucky,Native Hawaiian or Other Pacific Islander Alone,04000US21,6,2365,372,1620,290,1955,291,1265,228
Kentucky,White Alone,04000US21,7,3770715,214,2962410,218,3752105,1712,2945830,1350
Kentucky,American Indian or Alaska Native and White,04000US21,8,16735,736,13955,604,16685,747,13905,617
Kentucky,Asian and White,04000US21,9,12015,818,5745,538,11125,728,5060,487
Kentucky,Black or African American and White,04000US21,10,42375,1877,11885,817,42305,1868,11815,806
Kentucky,American Indian or Alaska Native and Black or African American,04000US21,11,2175,346,1870,309,2150,339,1845,302
Kentucky,Remainder of Two or More Race Responses,04000US21,12,6305,870,3525,446,5990,845,3220,416
Kentucky,Hispanic or Latino,04000US21,13,146945,645,90270,557,103645,1529,50910,1362
Louisiana,Total,04000US22,1,4645670,,3531650,535,4535710,3440,3432035,3021
Louisiana,Not Hispanic or Latino,04000US22,2,4422260,351,3374925,503,4376415,1996,3332885,1711
Louisiana,American Indian or Alaska Native Alone,04000US22,3,24220,848,18700,637,24110,847,18590,636
Louisiana,Asian Alone,04000US22,4,79105,999,61770,784,55055,1455,39990,1256
Louisiana,Black or African American Alone,04000US22,5,1487390,2451,1075550,1440,1482000,2579,1070615,1680
Louisiana,Native Hawaiian or Other Pacific Islander Alone,04000US22,6,1275,225,940,211,1165,191,830,173
Louisiana,White Alone,04000US22,7,2759690,7,2182485,7,2744250,1365,2168065,1244
Louisiana,American Indian or Alaska Native and White,04000US22,8,19185,860,13455,692,19185,860,13455,692
Louisiana,Asian and White,04000US22,9,9365,898,4980,631,8825,846,4490,586
Louisiana,Black or African American and White,04000US22,10,27700,1835,8520,880,27645,1836,8465,883
Louisiana,American Indian or Alaska Native and Black or African American,04000US22,11,4585,799,3230,511,4565,794,3205,507
Louisiana,Remainder of Two or More Race Responses,04000US22,12,9740,1535,5285,849,9615,1509,5170,829
Louisiana,Hispanic or Latino,04000US22,13,223410,351,156725,448,159295,2419,99150,2154
Maine,Total,04000US23,1,1329925,,1070420,211,1308385,1437,1051865,1128
Maine,Not Hispanic or Latino,04000US23,2,1310150,,1057275,193,1290315,1352,1040270,1038
Maine,American Indian or Alaska Native Alone,04000US23,3,7525,452,5840,356,7370,443,5685,345
Maine,Asian Alone,04000US23,4,14590,498,11275,320,10125,649,7240,509
Maine,Black or African American Alone,04000US23,5,15545,586,9810,353,11235,727,6945,410
Maine,Native Hawaiian or Other Pacific Islander Alone,04000US23,6,190,69,165,63,175,68,150,62
Maine,White Alone,04000US23,7,1247640,23,1016310,23,1237285,902,1006845,732
Maine,American Indian or Alaska Native and White,04000US23,8,12240,546,8425,375,12225,547,8410,376
Maine,Asian and White,04000US23,9,5250,483,2480,307,4930,476,2220,290
Maine,Black or African American and White,04000US23,10,5100,472,1645,267,5075,468,1620,266
Maine,American Indian or Alaska Native and Black or African American,04000US23,11,305,132,250,119,295,131,240,118
Maine,Remainder of Two or More Race Responses,04000US23,12,1760,345,1075,219,1610,327,920,198
Maine,Hispanic or Latino,04000US23,13,19770,,13145,133,18065,274,11595,289
Maryland,Total,04000US24,1,5959900,,4612090,161,5517145,6224,4212265,5549
Maryland,Not Hispanic or Latino,04000US24,2,5409755,,4242635,160,5162330,4402,4021425,3770
Maryland,American Indian or Alaska Native Alone,04000US24,3,11920,683,9710,585,11750,662,9555,558
Maryland,Asian Alone,04000US24,4,363930,2072,287325,1297,262785,2628,196310,2222
Maryland,Black or African American Alone,04000US24,5,1746105,3508,1326065,2178,1655545,4134,1245260,3192
Maryland,Native Hawaiian or Other Pacific Islander Alone,04000US24,6,2505,199,2030,177,2300,199,1825,171
Maryland,White Alone,04000US24,7,3136845,28,2542080,28,3085320,2364,2496240,2009
Maryland,American Indian or Alaska Native and White,04000US24,8,15735,817,12010,696,15695,819,11965,701
Maryland,Asian and White,04000US24,9,40070,2005,18445,1158,38080,1922,16965,1072
Maryland,Black or African American and White,04000US24,10,54985,2667,20400,1300,54345,2641,19770,1271
Maryland,American Indian or Alaska Native and Black or African American,04000US24,11,11200,1270,8660,912,11200,1270,8660,912
Maryland,Remainder of Two or More Race Responses,04000US24,12,26465,1736,15905,1050,25310,1718,14875,1048
Maryland,Hispanic or Latino,04000US24,13,550145,,369455,,354815,3641,190840,3369
Massachusetts,Total,04000US25,1,6742145,,5351590,287,6234910,5572,4887325,4849
Massachusetts,Not Hispanic or Latino,04000US25,2,6010405,182,4853605,251,5640835,5119,4514210,4449
Massachusetts,American Indian or Alaska Native Alone,04000US25,3,8680,563,7140,425,8250,559,6745,438
Massachusetts,Asian Alone,04000US25,4,415865,2083,328160,1218,280405,3056,203295,2590
Massachusetts,Black or African American Alone,04000US25,5,456885,2265,342675,1305,383555,2849,276910,2012
Massachusetts,Native Hawaiian or Other Pacific Islander Alone,04000US25,6,1880,283,1600,264,1670,273,1410,254
Massachusetts,White Alone,04000US25,7,5005720,28,4108195,28,4853450,3376,3966885,2991
Massachusetts,American Indian or Alaska Native and White,04000US25,8,18595,550,14100,447,18425,540,13930,442
Massachusetts,Asian and White,04000US25,9,39275,1942,18470,1091,35985,1703,15830,926
Massachusetts,Black or African American and White,04000US25,10,43675,2053,20315,1121,40545,1854,17360,947
Massachusetts,American Indian or Alaska Native and Black or African American,04000US25,11,4360,591,3500,499,4270,587,3430,494
Massachusetts,Remainder of Two or More Race Responses,04000US25,12,15475,1118,9455,716,14290,1063,8415,702
Massachusetts,Hispanic or Latino,04000US25,13,731740,182,497985,212,594070,3045,373115,2607
Michigan,Total,04000US26,1,9909600,,7681835,368,9601975,5290,7408625,4580
Michigan,Not Hispanic or Latino,04000US26,2,9435220,63,7385110,372,9204095,4590,7181935,3871
Michigan,American Indian or Alaska Native Alone,04000US26,3,45960,1144,35310,900,45340,1160,34760,896
Michigan,Asian Alone,04000US26,4,278755,1998,213595,1188,173825,2476,121225,2007
Michigan,Black or African American Alone,04000US26,5,1366515,3653,1014060,2174,1351820,3709,1001270,2267
Michigan,Native Hawaiian or Other Pacific Islander Alone,04000US26,6,2300,358,1860,315,2225,352,1790,310
Michigan,White Alone,04000US26,7,7514645,23,6003220,23,7408585,3159,5909575,2585
Michigan,American Indian or Alaska Native and White,04000US26,8,57580,1229,40995,925,57465,1227,40880,922
Michigan,Asian and White,04000US26,9,44245,1910,20505,1116,40965,1764,18115,1010
Michigan,Black or African American and White,04000US26,10,88145,2959,31420,1579,87730,2997,31050,1600
Michigan,American Indian or Alaska Native and Black or African American,04000US26,11,12620,1265,9765,914,12610,1261,9755,911
Michigan,Remainder of Two or More Race Responses,04000US26,12,24460,1745,14375,1024,23530,1744,13515,1015
Michigan,Hispanic or Latino,04000US26,13,474380,63,296730,90,397885,2452,226690,2156
Minnesota,Total,04000US27,1,5450870,,4168770,297,5234810,4081,3980475,3241
Minnesota,Not Hispanic or Latino,04000US27,2,5174840,85,4002155,267,5036125,3433,3884750,2692
Minnesota,American Indian or Alaska Native Alone,04000US27,3,52405,1062,36275,708,52125,1069,36025,720
Minnesota,Asian Alone,04000US27,4,247010,1569,175545,787,182425,2447,119945,1782
Minnesota,Black or African American Alone,04000US27,5,306660,2550,201995,1230,265695,2602,169295,1662
Minnesota,Native Hawaiian or Other Pacific Islander Alone,04000US27,6,1735,198,1220,160,1340,179,925,162
Minnesota,White Alone,04000US27,7,4438880,30,3528180,17,4408645,1610,3501475,1302
Minnesota,American Indian or Alaska Native and White,04000US27,8,31500,1100,20770,711,31455,1101,20740,708
Minnesota,Asian and White,04000US27,9,32160,1416,12550,620,31045,1416,11650,612
Minnesota,Black or African American and White,04000US27,10,47080,2083,16295,1091,46855,2083,16145,1099
Minnesota,American Indian or Alaska Native and Black or African American,04000US27,11,3670,658,2275,378,3625,650,2230,376
Minnesota,Remainder of Two or More Race Responses,04000US27,12,13750,1324,7055,751,12905,1228,6320,628
Minnesota,Hispanic or Latino,04000US27,13,276025,83,166615,93,198685,1913,95725,1643
Mississippi,Total,04000US28,1,2989190,,2256955,495,2946760,1546,2217765,1518
Mississippi,Not Hispanic or Latino,04000US28,2,2902490,641,2200180,589,2884985,1237,2184070,1083
Mississippi,American Indian or Alaska Native Alone,04000US28,3,12175,616,8545,490,12115,603,8485,484
Mississippi,Asian Alone,04000US28,4,28600,1025,22425,723,18900,990,13460,723
Mississippi,Black or African American Alone,04000US28,5,1118485,1839,804910,1107,1116685,1893,803250,1166
Mississippi,Native Hawaiian or Other Pacific Islander Alone,04000US28,6,470,191,440,185,445,189,415,183
Mississippi,White Alone,04000US28,7,1712390,29,1350085,170,1706870,741,1345070,634
Mississippi,American Indian or Alaska Native and White,04000US28,8,6570,520,4645,439,6570,520,4645,439
Mississippi,Asian and White,04000US28,9,4740,734,2485,416,4480,715,2225,402
Mississippi,Black or African American and White,04000US28,10,13950,1359,3285,460,13910,1362,3245,461
Mississippi,American Indian or Alaska Native and Black or African American,04000US28,11,1600,382,1280,310,1600,382,1280,310
Mississippi,Remainder of Two or More Race Responses,04000US28,12,3505,598,2080,400,3405,581,1995,383
Mississippi,Hispanic or Latino,04000US28,13,86705,641,56780,535,61775,1039,33695,991
Missouri,Total,04000US29,1,6059650,,4664525,700,5930025,2421,4547880,2241
Missouri,Not Hispanic or Latino,04000US29,2,5822365,295,4515510,591,5740250,1985,4442540,1868
Missouri,American Indian or Alaska Native Alone,04000US29,3,22510,1042,18090,811,22490,1044,18080,813
Missouri,Asian Alone,04000US29,4,108210,1379,84380,971,68090,1744,48275,1386
Missouri,Black or African American Alone,04000US29,5,699020,2827,510645,1658,687980,2942,501390,1838
Missouri,Native Hawaiian or Other Pacific Islander Alone,04000US29,6,5925,483,4150,313,4245,413,2765,326
Missouri,White Alone,04000US29,7,4858040,304,3832030,191,4831510,1372,3808110,1209
Missouri,American Indian or Alaska Native and White,04000US29,8,37335,1045,28365,834,37305,1042,28335,832
Missouri,Asian and White,04000US29,9,22395,1217,11135,703,20710,1199,9775,658
Missouri,Black or African American and White,04000US29,10,48550,2302,14440,1099,48285,2310,14180,1104
Missouri,American Indian or Alaska Native and Black or African American,04000US29,11,5620,699,3950,533,5600,700,3950,533
Missouri,Remainder of Two or More Race Responses,04000US29,12,14765,1232,8325,811,14035,1186,7680,777
Missouri,Hispanic or Latino,04000US29,13,237285,295,149015,323,189775,1677,105340,1606
Montana,Total,04000US30,1,1023390,,798370,316,1013805,672,789500,680
Montana,Not Hispanic or Latino,04000US30,2,988550,135,776500,284,980930,587,769355,561
Montana,American Indian or Alaska Native Alone,04000US30,3,64540,972,42305,622,64480,973,42260,622
Montana,Asian Alone,04000US30,4,7350,473,5910,354,5185,427,3895,375
Montana,Black or African American Alone,04000US30,5,3985,297,3240,213,3570,296,2870,220
Montana,Native Hawaiian or Other Pacific Islander Alone,04000US30,6,795,278,640,249,745,280,585,248
Montana,White Alone,04000US30,7,888930,64,711250,46,884100,475,706685,444
Montana,American Indian or Alaska Native and White,04000US30,8,13385,922,8890,594,13375,922,8880,593
Montana,Asian and White,04000US30,9,3385,414,1660,301,3305,407,1580,298
Montana,Black or African American and White,04000US30,10,3525,368,1130,219,3525,368,1130,219
Montana,American Indian or Alaska Native and Black or African American,04000US30,11,315,145,220,108,315,145,220,108
Montana,Remainder of Two or More Race Responses,04000US30,12,2340,403,1255,257,2340,403,1255,257
Montana,Hispanic or Latino,04000US30,13,34840,136,21870,204,32870,401,20140,366
Nebraska,Total,04000US31,1,1881260,,1413660,305,1799310,2281,1341015,1958
Nebraska,Not Hispanic or Latino,04000US31,2,1689455,36,1299520,265,1657700,1378,1272550,1134
Nebraska,American Indian or Alaska Native Alone,04000US31,3,13080,616,8600,424,13065,617,8585,423
Nebraska,Asian Alone,04000US31,4,39740,742,29830,517,22140,944,15080,727
Nebraska,Black or African American Alone,04000US31,5,86355,1267,59850,534,80390,1293,55040,617
Nebraska,Native Hawaiian or Other Pacific Islander Alone,04000US31,6,1190,321,890,227,990,231,740,183
Nebraska,White Alone,04000US31,7,1513390,29,1184055,24,1506395,723,1177615,609
Nebraska,American Indian or Alaska Native and White,04000US31,8,9045,557,6165,405,9030,562,6150,410
Nebraska,Asian and White,04000US31,9,7415,671,3510,479,6730,551,2975,358
Nebraska,Black or African American and White,04000US31,10,13960,1096,3775,437,13940,1094,3765,436
Nebraska,American Indian or Alaska Native and Black or African American,04000US31,11,1295,295,910,207,1295,295,910,207
Nebraska,Remainder of Two or More Race Responses,04000US31,12,3985,569,1935,335,3730,539,1690,287
Nebraska,Hispanic or Latino,04000US31,13,191800,39,114135,158,141610,1564,68465,1382
Nevada,Total,04000US32,1,2839170,,2174540,199,2547140,4788,1902280,4301
Nevada,Not Hispanic or Latino,04000US32,2,2048675,,1653485,205,1960805,2639,1572190,2373
Nevada,American Indian or Alaska Native Alone,04000US32,3,24520,652,18920,520,24405,657,18805,518
Nevada,Asian Alone,04000US32,4,220420,1586,182925,1068,170300,2458,136825,1897
Nevada,Black or African American Alone,04000US32,5,234840,1846,174755,1058,227665,1974,168335,1283
Nevada,Native Hawaiian or Other Pacific Islander Alone,04000US32,6,17320,511,12870,382,16735,523,12340,404
Nevada,White Alone,04000US32,7,1460075,2,1212935,17,1432525,1458,1186710,1367
Nevada,American Indian or Alaska Native and White,04000US32,8,12715,643,9790,474,12680,647,9755,476
Nevada,Asian and White,04000US32,9,29575,1292,15175,804,28615,1309,14355,810
Nevada,Black or African American and White,04000US32,10,21690,1573,8655,761,21510,1568,8525,760
Nevada,American Indian or Alaska Native and Black or African American,04000US32,11,2385,478,1805,375,2385,478,1805,375
Nevada,Remainder of Two or More Race Responses,04000US32,12,25135,1746,15655,1033,23980,1668,14730,987
Nevada,Hispanic or Latino,04000US32,13,790495,,521055,,586335,3788,330090,3323
New Hampshire,Total,04000US33,1,1327505,,1060525,156,1291415,1645,1027630,1445
New Hampshire,Not Hispanic or Latino,04000US33,2,1284005,,1031705,156,1254775,1494,1005135,1347
New Hampshire,American Indian or Alaska Native Alone,04000US33,3,1860,293,1490,217,1835,293,1470,217
New Hampshire,Asian Alone,04000US33,4,32450,774,24950,470,19225,922,13040,681
New Hampshire,Black or African American Alone,04000US33,5,15800,779,11700,532,13015,814,9230,640
New Hampshire,Native Hawaiian or Other Pacific Islander Alone,04000US33,6,230,93,220,95,230,92,220,96
New Hampshire,White Alone,04000US33,7,1212840,26,981570,26,1200150,1002,969760,906
New Hampshire,American Indian or Alaska Native and White,04000US33,8,6790,312,5435,235,6775,312,5435,235
New Hampshire,Asian and White,04000US33,9,6190,685,2710,403,5810,623,2460,364
New Hampshire,Black or African American and White,04000US33,10,5515,664,2035,396,5490,666,2005,392
New Hampshire,American Indian or Alaska Native and Black or African American,04000US33,11,305,136,305,136,305,136,305,136
New Hampshire,Remainder of Two or More Race Responses,04000US33,12,2025,393,1290,274,1945,390,1210,271
New Hampshire,Hispanic or Latino,04000US33,13,43500,,28820,94,36635,785,22495,714
New Jersey,Total,04000US34,1,8915455,,6905645,281,8019215,10129,6087275,8886
New Jersey,Not Hispanic or Latino,04000US34,2,7195625,,5689270,277,6722785,5956,5260240,5206
New Jersey,American Indian or Alaska Native Alone,04000US34,3,9750,747,7445,537,9330,714,7030,504
New Jersey,Asian Alone,04000US34,4,825675,1980,638975,1345,576800,3980,414540,3614
New Jersey,Black or African American Alone,04000US34,5,1149115,2976,873970,1717,1074905,3525,806625,2700
New Jersey,Native Hawaiian or Other Pacific Islander Alone,04000US34,6,2285,339,1785,263,1785,242,1385,206
New Jersey,White Alone,04000US34,7,5077990,28,4099075,28,4933510,3866,3966340,3458
New Jersey,American Indian or Alaska Native and White,04000US34,8,14200,745,10865,580,13970,732,10640,552
New Jersey,Asian and White,04000US34,9,42065,1810,17750,1239,40125,1737,16170,1159
New Jersey,Black or African American and White,04000US34,10,44135,2250,18635,1237,43390,2182,18030,1195
New Jersey,American Indian or Alaska Native and Black or African American,04000US34,11,7590,751,5985,611,7540,743,5935,610
New Jersey,Remainder of Two or More Race Responses,04000US34,12,22820,1619,14780,1113,21425,1553,13550,1023
New Jersey,Hispanic or Latino,04000US34,13,1719830,,1216375,,1296430,7264,827035,6382
New Mexico,Total,04000US35,1,2082670,,1580920,506,1954250,4132,1464240,3696
New Mexico,Not Hispanic or Latino,04000US35,2,1086840,,883730,512,1065815,1616,864815,1475
New Mexico,American Indian or Alaska Native Alone,04000US35,3,179875,1283,128525,804,179865,1284,128510,806
New Mexico,Asian Alone,04000US35,4,27895,858,23180,636,20100,909,15920,731
New Mexico,Black or African American Alone,04000US35,5,37940,864,29200,573,36525,938,27960,624
New Mexico,Native Hawaiian or Other Pacific Islander Alone,04000US35,6,985,190,790,176,950,196,780,174
New Mexico,White Alone,04000US35,7,809395,171,683665,168,798240,1388,673770,1109
New Mexico,American Indian or Alaska Native and White,04000US35,8,11520,1054,7725,693,11505,1054,7710,694
New Mexico,Asian and White,04000US35,9,8260,909,4310,558,7735,865,3895,506
New Mexico,Black or African American and White,04000US35,10,5375,813,2720,435,5350,808,2695,432
New Mexico,American Indian or Alaska Native and Black or African American,04000US35,11,1665,467,1075,386,1665,467,1075,386
New Mexico,Remainder of Two or More Race Responses,04000US35,12,3930,604,2545,383,3880,601,2495,374
New Mexico,Hispanic or Latino,04000US35,13,995830,,697185,,888435,3628,599425,3172
New York,Total,04000US36,1,19697455,,15471050,326,17677060,15278,13605855,14105
New York,Not Hispanic or Latino,04000US36,2,16035530,,12820625,304,14846245,10452,11726810,9047
New York,American Indian or Alaska Native Alone,04000US36,3,47925,1259,36310,994,45810,1231,34510,927
New York,Asian Alone,04000US36,4,1628660,3370,1311400,2207,1115330,6682,840670,5652
New York,Black or African American Alone,04000US36,5,2878080,3872,2214400,2220,2572195,5918,1935110,4442
New York,Native Hawaiian or Other Pacific Islander Alone,04000US36,6,8360,441,6765,376,6835,515,5385,469
New York,White Alone,04000US36,7,11155130,91,9075765,92,10809690,4491,8752595,4027
New York,American Indian or Alaska Native and White,04000US36,8,41830,1347,30995,1012,41425,1316,30635,995
New York,Asian and White,04000US36,9,99675,2934,49110,1912,87855,2657,39760,1656
New York,Black or African American and White,04000US36,10,105140,2992,45755,1687,102865,2900,43905,1616
New York,American Indian or Alaska Native and Black or African American,04000US36,11,17550,1431,14255,1069,17160,1393,13960,1035
New York,Remainder of Two or More Race Responses,04000US36,12,53175,2537,35870,1757,47080,2298,30280,1538
New York,Hispanic or Latino,04000US36,13,3661930,,2650420,67,2830815,9507,1879045,8639
North Carolina,Total,04000US37,1,9940830,,7653000,573,9445115,6269,7203790,5602
North Carolina,Not Hispanic or Latino,04000US37,2,9056065,121,7114985,538,8873895,3954,6953820,3368
North Carolina,American Indian or Alaska Native Alone,04000US37,3,108750,1333,81940,1135,108590,1334,81790,1133
North Carolina,Asian Alone,04000US37,4,255340,1681,192330,1153,165515,2159,114465,1869
North Carolina,Black or African American Alone,04000US37,5,2112725,4444,1590075,2409,2084190,5367,1565560,3345
North Carolina,Native Hawaiian or Other Pacific Islander Alone,04000US37,6,5675,865,4210,559,4520,674,3290,496
North Carolina,White Alone,04000US37,7,6376495,68,5149490,68,6316700,2245,5094235,2100
North Carolina,American Indian or Alaska Native and White,04000US37,8,37305,1310,27385,1047,37265,1311,27345,1049
North Carolina,Asian and White,04000US37,9,34315,1470,16260,987,32985,1353,15090,866
North Carolina,Black or African American and White,04000US37,10,80105,3207,25470,1593,79620,3195,25000,1565
North Carolina,American Indian or Alaska Native and Black or African American,04000US37,11,17310,1467,12085,1060,17300,1465,12070,1058
North Carolina,Remainder of Two or More Race Responses,04000US37,12,28040,1690,15740,998,27210,1649,14975,966
North Carolina,Hispanic or Latino,04000US37,13,884765,120,538015,157,571220,4633,249970,4014
North Dakota,Total,04000US38,1,736160,,568445,266,721470,1037,555690,810
North Dakota,Not Hispanic or Latino,04000US38,2,713165,128,554215,235,700370,974,543280,711
North Dakota,American Indian or Alaska Native Alone,04000US38,3,37375,691,23675,412,37345,688,23645,412
North Dakota,Asian Alone,04000US38,4,9235,462,7385,339,3955,422,2880,320
North Dakota,Black or African American Alone,04000US38,5,14540,624,10395,381,11440,694,7975,461
North Dakota,Native Hawaiian or Other Pacific Islander Alone,04000US38,6,310,107,220,87,280,111,190,86
North Dakota,White Alone,04000US38,7,636175,30,504305,18,632250,523,500695,446
North Dakota,American Indian or Alaska Native and White,04000US38,8,7825,644,4815,372,7820,645,4810,374
North Dakota,Asian and White,04000US38,9,2510,411,1340,299,2270,384,1130,259
North Dakota,Black or African American and White,04000US38,10,3245,578,1030,265,3165,576,970,256
North Dakota,American Indian or Alaska Native and Black or African American,04000US38,11,315,158,155,118,285,144,155,118
North Dakota,Remainder of Two or More Race Responses,04000US38,12,1635,375,905,218,1560,374,835,217
North Dakota,Hispanic or Latino,04000US38,13,22995,131,14230,143,21100,421,12415,386
Ohio,Total,04000US39,1,11586940,,8947080,510,11348025,4351,8734125,3579
Ohio,Not Hispanic or Latino,04000US39,2,11186010,98,8695350,446,11004900,3564,8534955,2753
Ohio,American Indian or Alaska Native Alone,04000US39,3,17240,897,14410,739,17080,875,14250,715
Ohio,Asian Alone,04000US39,4,226190,1778,176100,976,138635,2149,98180,1693
Ohio,Black or African American Alone,04000US39,5,1406780,3722,1028430,1998,1377305,4278,1003180,2645
Ohio,Native Hawaiian or Other Pacific Islander Alone,04000US39,6,2860,434,2200,328,2585,413,1990,326
Ohio,White Alone,04000US39,7,9278805,177,7352450,170,9219020,2282,7298810,1820
Ohio,American Indian or Alaska Native and White,04000US39,8,47090,1101,36245,805,47050,1096,36200,792
Ohio,Asian and White,04000US39,9,41215,1747,19085,1012,38255,1694,16660,955
Ohio,Black or African American and White,04000US39,10,130090,3383,43930,1607,129815,3371,43690,1607
Ohio,American Indian or Alaska Native and Black or African American,04000US39,11,11055,1078,8245,809,11055,1078,8245,809
Ohio,Remainder of Two or More Race Responses,04000US39,12,24680,1363,14260,847,24105,1369,13755,828
Ohio,Hispanic or Latino,04000US39,13,400930,99,251730,180,343125,2205,199170,1937
Oklahoma,Total,04000US40,1,3875590,,2923265,266,3725960,2856,2787655,2518
Oklahoma,Not Hispanic or Latino,04000US40,2,3494120,,2694405,236,3445835,1613,2650850,1443
Oklahoma,American Indian or Alaska Native Alone,04000US40,3,274660,2250,192070,1509,274440,2231,191865,1484
Oklahoma,Asian Alone,04000US40,4,77380,1069,59955,592,51190,1282,36695,882
Oklahoma,Black or African American Alone,04000US40,5,277360,1882,204450,1110,272050,1974,199580,1174
Oklahoma,Native Hawaiian or Other Pacific Islander Alone,04000US40,6,4775,260,3215,175,3580,455,2235,269
Oklahoma,White Alone,04000US40,7,2597140,182,2077955,147,2583075,1038,2064930,996
Oklahoma,American Indian or Alaska Native and White,04000US40,8,182000,2088,120935,1525,181960,2093,120905,1531
Oklahoma,Asian and White,04000US40,9,14770,1049,7840,589,13825,1002,6980,553
Oklahoma,Black or African American and White,04000US40,10,32255,1442,9760,730,32165,1441,9675,728
Oklahoma,American Indian or Alaska Native and Black or African American,04000US40,11,18490,1167,11225,758,18455,1168,11190,762
Oklahoma,Remainder of Two or More Race Responses,04000US40,12,15290,1056,6995,628,15090,1037,6795,614
Oklahoma,Hispanic or Latino,04000US40,13,381465,,228860,70,280125,2259,136805,1963
Oregon,Total,04000US41,1,3982265,,3120870,237,3753590,4771,2911330,4226
Oregon,Not Hispanic or Latino,04000US41,2,3487460,,2812640,235,3391125,3228,2725755,2793
Oregon,American Indian or Alaska Native Alone,04000US41,3,35195,1283,27180,895,35085,1278,27090,890
Oregon,Asian Alone,04000US41,4,159020,1894,128390,1152,113585,2066,87085,1525
Oregon,Black or African American Alone,04000US41,5,70655,1248,52705,694,64950,1618,48560,1030
Oregon,Native Hawaiian or Other Pacific Islander Alone,04000US41,6,14445,547,10450,400,11350,660,7780,507
Oregon,White Alone,04000US41,7,3072405,28,2513750,10,3032480,2037,2476825,1740
Oregon,American Indian or Alaska Native and White,04000US41,8,51665,1341,38290,929,51585,1340,38230,933
Oregon,Asian and White,04000US41,9,39410,1515,19510,883,38400,1491,18605,883
Oregon,Black or African American and White,04000US41,10,21675,1117,8350,529,21330,1102,8190,518
Oregon,American Indian or Alaska Native and Black or African American,04000US41,11,1810,446,1465,371,1805,445,1460,371
Oregon,Remainder of Two or More Race Responses,04000US41,12,21190,1383,12555,854,20555,1340,11935,827
Oregon,Hispanic or Latino,04000US41,13,494805,,308230,30,362465,3353,185575,2948
Pennsylvania,Total,04000US42,1,12783975,,10079710,671,12390670,5464,9725845,4589
Pennsylvania,Not Hispanic or Latino,04000US42,2,11940815,102,9532285,621,11665760,4064,9285080,3365
Pennsylvania,American Indian or Alaska Native Alone,04000US42,3,14590,834,11665,637,14310,828,11380,632
Pennsylvania,Asian Alone,04000US42,4,404405,1840,313600,1287,271155,2840,193970,2245
Pennsylvania,Black or African American Alone,04000US42,5,1359195,3586,1010460,2047,1311640,4394,968735,2851
Pennsylvania,Native Hawaiian or Other Pacific Islander Alone,04000US42,6,2580,392,2265,377,2010,257,1710,225
Pennsylvania,White Alone,04000US42,7,9950335,399,8091925,658,9862550,2243,8011635,2076
Pennsylvania,American Indian or Alaska Native and White,04000US42,8,29225,851,22015,654,29135,859,21930,668
Pennsylvania,Asian and White,04000US42,9,43440,1706,20590,1182,39930,1559,17795,995
Pennsylvania,Black or African American and White,04000US42,10,100565,2935,34790,1311,100005,2908,34300,1301
Pennsylvania,American Indian or Alaska Native and Black or African American,04000US42,11,11480,1253,8990,997,11450,1258,8975,999
Pennsylvania,Remainder of Two or More Race Responses,04000US42,12,24995,1596,15980,1128,23575,1547,14650,1054
Pennsylvania,Hispanic or Latino,04000US42,13,843165,102,547425,183,724910,3192,440770,2870
Rhode Island,Total,04000US44,1,1054490,,842085,113,986565,1940,780250,1811
Rhode Island,Not Hispanic or Latino,04000US44,2,906115,,743080,112,871455,1678,711655,1489
Rhode Island,American Indian or Alaska Native Alone,04000US44,3,4195,332,3080,279,4165,332,3050,274
Rhode Island,Asian Alone,04000US44,4,34645,810,27205,489,22725,924,16470,743
Rhode Island,Black or African American Alone,04000US44,5,60205,1063,44460,648,51895,1101,37245,793
Rhode Island,Native Hawaiian or Other Pacific Islander Alone,04000US44,6,770,228,590,199,715,224,535,197
Rhode Island,White Alone,04000US44,7,786075,29,656310,29,772575,1032,643460,996
Rhode Island,American Indian or Alaska Native and White,04000US44,8,3230,328,2380,275,3220,328,2380,275
Rhode Island,Asian and White,04000US44,9,4580,795,2545,444,4035,579,2200,345
Rhode Island,Black or African American and White,04000US44,10,7800,847,3035,498,7700,831,3015,497
Rhode Island,American Indian or Alaska Native and Black or African American,04000US44,11,2150,438,1780,377,2135,431,1765,372
Rhode Island,Remainder of Two or More Race Responses,04000US44,12,2465,557,1690,400,2285,502,1540,349
Rhode Island,Hispanic or Latino,04000US44,13,148375,,99005,,115105,1454,68590,1339
South Carolina,Total,04000US45,1,4834605,,3748825,376,4694710,3254,3620830,2839
South Carolina,Not Hispanic or Latino,04000US45,2,4576245,180,3582975,358,4521620,2235,3533175,2045
South Carolina,American Indian or Alaska Native Alone,04000US45,3,14285,731,10860,572,14230,726,10805,567
South Carolina,Asian Alone,04000US45,4,68845,967,54045,622,48595,1413,35950,1159
South Carolina,Black or African American Alone,04000US45,5,1313830,2455,982925,1360,1308100,2562,977725,1527
South Carolina,Native Hawaiian or Other Pacific Islander Alone,04000US45,6,2615,526,1695,295,2185,480,1305,260
South Carolina,White Alone,04000US45,7,3092200,28,2493395,28,3065195,1678,2468240,1463
South Carolina,American Indian or Alaska Native and White,04000US45,8,17390,771,13700,621,17390,771,13700,621
South Carolina,Asian and White,04000US45,9,13300,973,6905,610,12410,932,6200,602
South Carolina,Black or African American and White,04000US45,10,39420,1919,10285,943,39330,1909,10205,928
South Carolina,American Indian or Alaska Native and Black or African American,04000US45,11,5520,967,4270,683,5520,967,4270,683
South Carolina,Remainder of Two or More Race Responses,04000US45,12,8845,955,4900,582,8660,931,4765,570
South Carolina,Hispanic or Latino,04000US45,13,258360,180,165850,247,173090,2384,87655,1987
South Dakota,Total,04000US46,1,851060,,641445,354,833720,1117,627070,960
South Dakota,Not Hispanic or Latino,04000US46,2,821870,194,624065,301,809585,1007,614435,766
South Dakota,American Indian or Alaska Native Alone,04000US46,3,71210,1077,44200,659,71160,1077,44160,661
South Dakota,Asian Alone,04000US46,4,11370,576,7960,335,5650,446,3395,330
South Dakota,Black or African American Alone,04000US46,5,13720,673,9095,453,9925,781,6375,495
South Dakota,Native Hawaiian or Other Pacific Islander Alone,04000US46,6,310,114,245,92,310,114,245,92
South Dakota,White Alone,04000US46,7,706160,266,553030,259,703510,549,550800,478
South Dakota,American Indian or Alaska Native and White,04000US46,8,10305,781,6230,511,10285,781,6215,513
South Dakota,Asian and White,04000US46,9,2105,381,935,210,2090,380,920,210
South Dakota,Black or African American and White,04000US46,10,4370,546,1305,273,4360,547,1290,269
South Dakota,American Indian or Alaska Native and Black or African American,04000US46,11,620,222,265,127,620,222,265,127
South Dakota,Remainder of Two or More Race Responses,04000US46,12,1710,358,800,223,1680,352,765,220
South Dakota,Hispanic or Latino,04000US46,13,29185,193,17380,252,24135,431,12635,438
Tennessee,Total,04000US47,1,6548010,,5053085,573,6349390,3893,4876605,3514
Tennessee,Not Hispanic or Latino,04000US47,2,6220665,176,4854375,514,6132165,2778,4776335,2436
Tennessee,American Indian or Alaska Native Alone,04000US47,3,15190,891,12350,729,14875,886,12065,746
Tennessee,Asian Alone,04000US47,4,106125,1180,80990,847,69150,1608,48250,1426
Tennessee,Black or African American Alone,04000US47,5,1094905,2395,804225,1312,1080850,2591,792145,1638
Tennessee,Native Hawaiian or Other Pacific Islander Alone,04000US47,6,3000,392,2160,304,2815,397,1975,297
Tennessee,White Alone,04000US47,7,4886590,646,3895270,423,4851640,2027,3864135,1624
Tennessee,American Indian or Alaska Native and White,04000US47,8,35140,1170,27465,910,35120,1172,27450,917
Tennessee,Asian and White,04000US47,9,18360,1110,9715,749,16930,1033,8650,691
Tennessee,Black or African American and White,04000US47,10,46725,2169,13025,1032,46520,2173,12845,1018
Tennessee,American Indian or Alaska Native and Black or African American,04000US47,11,3315,580,2615,440,3315,580,2615,440
Tennessee,Remainder of Two or More Race Responses,04000US47,12,11315,1004,6555,637,10955,975,6210,614
Tennessee,Hispanic or Latino,04000US47,13,327345,174,198710,307,217220,2592,100270,2066
Texas,Total,04000US48,1,26956435,,19823960,819,24051895,19886,17177625,18427
Texas,Not Hispanic or Latino,04000US48,2,16543285,202,12912005,772,15871650,8347,12323725,7206
Texas,American Indian or Alaska Native Alone,04000US48,3,63820,1831,50670,1407,63395,1829,50270,1406
Texas,Asian Alone,04000US48,4,1175725,3231,901095,1756,810900,5752,579210,4661
Texas,Black or African American Alone,04000US48,5,3146455,4514,2317975,2408,3039405,5659,2227620,4351
Texas,Native Hawaiian or Other Pacific Islander Alone,04000US48,6,19180,897,14270,579,16615,899,11995,621
Texas,White Alone,04000US48,7,11735535,621,9407230,518,11551880,4955,9244995,4099
Texas,American Indian or Alaska Native and White,04000US48,8,101930,1758,80050,1401,101750,1779,79870,1432
Texas,Asian and White,04000US48,9,102145,3132,51955,1698,92590,3042,43980,1598
Texas,Black or African American and White,04000US48,10,124665,3489,41845,1717,123705,3532,40970,1725
Texas,American Indian or Alaska Native and Black or African American,04000US48,11,21045,1942,16035,1465,20930,1944,15925,1463
Texas,Remainder of Two or More Race Responses,04000US48,12,52785,2583,30875,1373,50475,2545,28890,1349
Texas,Hispanic or Latino,04000US48,13,10413150,201,6911955,263,8180245,16639,4853900,15291
Utah,Total,04000US49,1,2948425,,2043230,199,2794020,3653,1903495,3191
Utah,Not Hispanic or Latino,04000US49,2,2550510,,1800045,167,2498185,2493,1754090,2039
Utah,American Indian or Alaska Native Alone,04000US49,3,27540,824,19345,547,27335,814,19140,538
Utah,Asian Alone,04000US49,4,65815,1182,51655,750,42915,1478,31415,1091
Utah,Black or African American Alone,04000US49,5,30630,978,19870,419,26310,1172,16670,713
Utah,Native Hawaiian or Other Pacific Islander Alone,04000US49,6,25930,1012,17040,464,22280,1131,13695,649
Utah,White Alone,04000US49,7,2343410,128,1665475,115,2323365,1505,1647495,1257
Utah,American Indian or Alaska Native and White,04000US49,8,12030,713,7370,486,11970,711,7350,486
Utah,Asian and White,04000US49,9,18865,1088,8385,645,18270,1046,7910,609
Utah,Black or African American and White,04000US49,10,9915,944,3205,413,9850,944,3160,402
Utah,American Indian or Alaska Native and Black or African American,04000US49,11,605,243,335,147,595,244,325,149
Utah,Remainder of Two or More Race Responses,04000US49,12,15775,1300,7365,639,15295,1306,6925,633
Utah,Hispanic or Latino,04000US49,13,397915,,243190,78,295835,2768,149410,2414
Vermont,Total,04000US50,1,626250,,504560,84,613910,851,493535,743
Vermont,Not Hispanic or Latino,04000US50,2,615350,,496695,78,604215,771,486815,663
Vermont,American Indian or Alaska Native Alone,04000US50,3,1815,253,1515,199,1815,253,1515,199
Vermont,Asian Alone,04000US50,4,9450,355,7510,230,5530,434,4185,372
Vermont,Black or African American Alone,04000US50,5,7115,323,4845,176,5840,334,3930,236
Vermont,Native Hawaiian or Other Pacific Islander Alone,04000US50,6,155,82,145,76,155,82,145,76
Vermont,White Alone,04000US50,7,585730,20,476230,20,580025,558,470765,466
Vermont,American Indian or Alaska Native and White,04000US50,8,5055,328,3865,259,5035,325,3850,257
Vermont,Asian and White,04000US50,9,2725,323,1165,200,2585,286,1080,190
Vermont,Black or African American and White,04000US50,10,2020,264,630,132,1995,262,610,133
Vermont,American Indian or Alaska Native and Black or African American,04000US50,11,175,122,85,56,175,122,85,56
Vermont,Remainder of Two or More Race Responses,04000US50,12,1110,232,695,152,1060,232,645,152
Vermont,Hispanic or Latino,04000US50,13,10900,,7865,32,9695,225,6720,228
Virginia,Total,04000US51,1,8310300,,6444745,849,7816280,7396,5998905,6600
Virginia,Not Hispanic or Latino,04000US51,2,7585210,386,5953945,653,7313675,5455,5713065,4625
Virginia,American Indian or Alaska Native Alone,04000US51,3,17400,1090,14155,851,17225,1073,14005,845
Virginia,Asian Alone,04000US51,4,504750,2756,393015,1750,363320,3595,266320,2714
Virginia,Black or African American Alone,04000US51,5,1574330,4406,1200355,2488,1530525,4831,1162090,3222
Virginia,Native Hawaiian or Other Pacific Islander Alone,04000US51,6,4865,365,3835,329,4335,386,3385,347
Virginia,White Alone,04000US51,7,5259610,13,4227670,10,5182615,2921,4159235,2315
Virginia,American Indian or Alaska Native and White,04000US51,8,26565,1035,21065,919,26485,1028,20985,908
Virginia,Asian and White,04000US51,9,71665,2448,36670,1612,65155,2167,31575,1371
Virginia,Black or African American and White,04000US51,10,79705,3425,28650,1826,78865,3367,27890,1757
Virginia,American Indian or Alaska Native and Black or African American,04000US51,11,12020,1099,9140,859,12020,1099,9140,859
Virginia,Remainder of Two or More Race Responses,04000US51,12,34295,1908,19385,1212,33130,1916,18445,1219
Virginia,Hispanic or Latino,04000US51,13,725090,387,490800,552,502605,4670,285840,4330
Washington,Total,04000US53,1,7073145,,5468550,332,6564105,7425,5008035,6452
Washington,Not Hispanic or Latino,04000US53,2,6218870,,4943020,333,5924865,5033,4679830,4295
Washington,American Indian or Alaska Native Alone,04000US53,3,81000,1971,59785,1389,80530,1965,59400,1399
Washington,Asian Alone,04000US53,4,550630,3349,443970,2389,393425,3711,300945,2973
Washington,Black or African American Alone,04000US53,5,248120,2451,186520,1598,225770,2733,168440,1811
Washington,Native Hawaiian or Other Pacific Islander Alone,04000US53,6,43705,1200,31175,731,37220,1223,25745,788
Washington,White Alone,04000US53,7,4987465,28,4051850,28,4885665,3528,3960205,2950
Washington,American Indian or Alaska Native and White,04000US53,8,72540,1944,53720,1392,72375,1942,53580,1388
Washington,Asian and White,04000US53,9,101390,2445,50055,1653,98330,2486,47710,1655
Washington,Black or African American and White,04000US53,10,65230,2495,27060,1536,64850,2508,26705,1554
Washington,American Indian or Alaska Native and Black or African American,04000US53,11,7520,865,5305,580,7520,865,5305,580
Washington,Remainder of Two or More Race Responses,04000US53,12,61275,3193,33585,1682,59180,3074,31795,1571
Washington,Hispanic or Latino,04000US53,13,854275,,525530,,639240,4519,328205,4000
West Virginia,Total,04000US54,1,1846090,,1466245,430,1831855,1087,1453210,1066
West Virginia,Not Hispanic or Latino,04000US54,2,1819845,488,1448510,497,1809210,1016,1438605,943
West Virginia,American Indian or Alaska Native Alone,04000US54,3,3160,358,2720,349,3045,343,2605,329
West Virginia,Asian Alone,04000US54,4,13840,569,11475,436,9320,584,7235,506
West Virginia,Black or African American Alone,04000US54,5,62835,1382,49555,899,61580,1388,48425,912
West Virginia,Native Hawaiian or Other Pacific Islander Alone,04000US54,6,505,240,390,166,480,236,365,160
West Virginia,White Alone,04000US54,7,1708175,479,1367725,359,1703980,791,1363755,683
West Virginia,American Indian or Alaska Native and White,04000US54,8,11680,783,9165,583,11645,774,9130,574
West Virginia,Asian and White,04000US54,9,3600,425,2020,319,3285,385,1790,311
West Virginia,Black or African American and White,04000US54,10,12175,898,3000,337,12175,898,3000,337
West Virginia,American Indian or Alaska Native and Black or African American,04000US54,11,1045,342,735,266,1045,342,735,266
West Virginia,Remainder of Two or More Race Responses,04000US54,12,2825,488,1730,288,2650,446,1560,265
West Virginia,Hispanic or Latino,04000US54,13,26245,488,17735,378,22640,560,14610,499
Wisconsin,Total,04000US55,1,5754800,,4453300,383,5599330,3487,4313305,3008
Wisconsin,Not Hispanic or Latino,04000US55,2,5383595,,4228610,380,5309690,2420,4162980,2010
Wisconsin,American Indian or Alaska Native Alone,04000US55,3,47200,1018,34205,641,47030,1016,34055,639
Wisconsin,Asian Alone,04000US55,4,148730,1244,105350,710,107080,1748,68600,1323
Wisconsin,Black or African American Alone,04000US55,5,356205,1741,245155,839,350365,1936,240465,1008
Wisconsin,Native Hawaiian or Other Pacific Islander Alone,04000US55,6,1215,205,1070,173,1065,207,930,174
Wisconsin,White Alone,04000US55,7,4731335,15,3796535,20,4706380,1321,3773695,1179
Wisconsin,American Indian or Alaska Native and White,04000US55,8,26670,1040,18390,710,26610,1037,18330,708
Wisconsin,Asian and White,04000US55,9,19875,1163,8785,662,19240,1091,8205,588
Wisconsin,Black or African American and White,04000US55,10,38890,1546,11480,817,38745,1545,11345,816
Wisconsin,American Indian or Alaska Native and Black or African American,04000US55,11,3465,535,2410,391,3455,532,2400,388
Wisconsin,Remainder of Two or More Race Responses,04000US55,12,10005,870,5235,479,9715,869,4955,475
Wisconsin,Hispanic or Latino,04000US55,13,371205,,224690,74,289640,2392,150325,2030
Wyoming,Total,04000US56,1,583030,,444185,402,570345,1021,432375,982
Wyoming,Not Hispanic or Latino,04000US56,2,526645,140,407270,405,521550,637,402710,690
Wyoming,American Indian or Alaska Native Alone,04000US56,3,11515,571,7615,404,11515,571,7615,404
Wyoming,Asian Alone,04000US56,4,5235,470,4110,392,3455,500,2475,432
Wyoming,Black or African American Alone,04000US56,5,6235,563,4515,347,5545,558,3955,358
Wyoming,Native Hawaiian or Other Pacific Islander Alone,04000US56,6,305,223,295,224,290,224,290,224
Wyoming,White Alone,04000US56,7,492130,56,384305,33,489600,438,382010,379
Wyoming,American Indian or Alaska Native and White,04000US56,8,5515,563,3605,422,5515,563,3605,422
Wyoming,Asian and White,04000US56,9,1750,348,1040,224,1725,343,1015,221
Wyoming,Black or African American and White,04000US56,10,2510,500,945,286,2490,499,930,284
Wyoming,American Indian or Alaska Native and Black or African American,04000US56,11,115,70,90,62,115,70,90,62
Wyoming,Remainder of Two or More Race Responses,04000US56,12,1335,287,745,201,1300,290,725,202
Wyoming,Hispanic or Latino,04000US56,13,56385,139,36915,140,48795,769,29665,720
Puerto Rico,Total,04000US72,1,3529385,,2761980,,3476690,2099,2712070,1961
Puerto Rico,Not Hispanic or Latino,04000US72,2,37220,1802,30780,1472,33805,1733,27600,1449
Puerto Rico,American Indian or Alaska Native Alone,04000US72,3,90,58,90,58,70,50,70,50
Puerto Rico,Asian Alone,04000US72,4,2550,698,2230,564,1590,526,1280,382
Puerto Rico,Black or African American Alone,04000US72,5,3015,438,2560,374,2535,372,2080,301
Puerto Rico,Native Hawaiian or Other Pacific Islander Alone,04000US72,6,85,54,55,39,85,54,55,39
Puerto Rico,White Alone,04000US72,7,27990,1673,22965,1333,26155,1656,21350,1342
Puerto Rico,American Indian or Alaska Native and White,04000US72,8,145,82,145,82,105,71,105,71
Puerto Rico,Asian and White,04000US72,9,240,125,220,110,215,128,195,111
Puerto Rico,Black or African American and White,04000US72,10,2820,488,2235,377,2765,480,2185,372
Puerto Rico,American Indian or Alaska Native and Black or African American,04000US72,11,10,17,10,17,10,17,10,17
Puerto Rico,Remainder of Two or More Race Responses,04000US72,12,275,115,275,115,270,113,270,113
Puerto Rico,Hispanic or Latino,04000US72,13,3492165,1802,2731200,1469,3442885,2797,2684470,2392
